data,concessoes_milhoes,inadimplencia_nao_consignado_pct,juros_nao_consignado_pct_mes,saldo_nao_consignado_milhoes,inadimplencia_consignado_pct,selic_pct_mes,ipca_pct_mes,concessoes_media_movel_3m,concessoes_var_12m_pct_mm3,concessoes_media_movel_6m,concessoes_var_12m_pct_mm6,concessoes_var_12m_pct,saldo_var_12m_pct,inadimplencia_var_12m_pp,diferencial_inadimplencia_pp,premio_sobre_selic_pp,indice_precos_ipca,concessoes_reais_milhoes,saldo_real_milhoes,concessoes_reais_media_movel_3m,concessoes_reais_var_12m_pct_mm3,concessoes_reais_media_movel_6m,concessoes_reais_var_12m_pct_mm6,concessoes_reais_var_12m_pct,saldo_real_var_12m_pct,limite_neutro_concessoes_pct,limite_neutro_inadimplencia_pp,janela_media_movel_meses,percentil_neutro,modo_limite,movimento_concessoes_real,movimento_inadimplencia,cenario_principal
2011-03-01,6198,6.9,4.72,67845,2.73,0.92,0.79,,,,,,,,4.17,3.8,1.0079,14015.76400192687,153420.37894655188,,,,,,,,,3,0.2,expanding,Sem historico suficiente,Sem historico suficiente,Sem historico suficiente
2011-04-01,5871,7.09,4.86,69215,2.73,0.84,0.77,,,,,,,,4.359999999999999,4.0200000000000005,1.01566083,13174.860520637212,155322.42734387747,,,,,,,,,3,0.2,expanding,Sem historico suficiente,Sem historico suficiente,Sem historico suficiente
2011-05-01,6663,7.44,4.89,70433,2.76,0.99,0.47,6244.0,,,,,,,4.680000000000001,3.8999999999999995,1.020434435901,14882.207541944403,157316.3025366607,14024.27735483616,,,,,,,,3,0.2,expanding,Sem historico suficiente,Sem historico suficiente,Sem historico suficiente
2011-06-01,6786,7.38,4.9,72007,2.74,0.96,0.15,6440.0,,,,,,,4.64,3.9400000000000004,1.0219650875548516,15134.234020368922,160591.03877169246,14397.100694316847,,,,,,,,3,0.2,expanding,Sem historico suficiente,Sem historico suficiente,Sem historico suficiente
2011-07-01,6327,7.62,5.03,72312,2.76,0.97,0.16,6592.0,,,,,,,4.86,4.0600000000000005,1.0236002316949395,14088.024831780229,161013.6323116314,14701.488798031185,,,,,,,,3,0.2,expanding,Sem historico suficiente,Sem historico suficiente,Sem historico suficiente
2011-08-01,7061,7.92,4.96,73732,2.76,1.07,0.37,6724.666666666667,,6484.333333333333,,,,,5.16,3.8899999999999997,1.027387552552211,15664.428738245726,163570.26762899503,14962.229196798295,,14493.253275817226,,,,,,3,0.2,expanding,Sem historico suficiente,Sem historico suficiente,Sem historico suficiente
2011-09-01,6630,8.04,4.96,75579,2.74,0.94,0.53,6672.666666666667,,6556.333333333333,,,,,5.299999999999999,4.02,1.0328327065807377,14630.736734813936,166783.77853401244,14794.396768279963,,14595.748731298403,,,,,,3,0.2,expanding,Sem historico suficiente,Sem historico suficiente,Sem historico suficiente
2011-10-01,6390,8.26,5.06,76862,2.83,0.88,0.43,6693.666666666667,,6642.833333333333,,,,,5.43,4.18,1.0372738872190348,14040.742114407454,168888.81383373798,14778.63586248904,,14740.062330260114,,,,,,3,0.2,expanding,Sem historico suficiente,Sem historico suficiente,Sem historico suficiente
2011-11-01,6999,8.38,4.84,78388,2.85,0.86,0.52,6673.0,,6698.833333333333,,,,,5.530000000000001,3.98,1.042667711432574,15299.340776746172,171350.8679536475,14656.93987532252,,14809.584536060405,,,,,,3,0.2,expanding,Sem historico suficiente,Sem historico suficiente,Sem historico suficiente
2011-12-01,6865,8.51,4.67,79699,2.85,0.91,0.5,6751.333333333333,,6712.0,,,,,5.66,3.76,1.0478810499897366,14931.767001876242,173349.87593336267,14757.283297676622,,14775.84003297829,,,,,,3,0.2,expanding,Sem historico suficiente,Sem historico suficiente,Sem historico suficiente
2012-01-01,6777,8.77,5.03,80563,2.89,0.89,0.56,6880.333333333333,,6787.0,,,,,5.879999999999999,4.140000000000001,1.0537491838696793,14658.275633396212,174253.30675126147,14963.127804006208,,14870.881833247624,,,,,,3,0.2,expanding,Sem historico suficiente,Sem historico suficiente,Sem historico suficiente
2012-02-01,6580,8.62,5.09,81719,2.87,0.75,0.45,6740.666666666667,,6706.833333333333,,,,,5.749999999999999,4.34,1.0584910551970927,14168.417665399767,175961.84243142913,14586.153433557409,,14621.546654439966,,,,,,3,0.2,expanding,Sem historico suficiente,Sem historico suficiente,Sem historico suficiente
2012-03-01,7548,8.0,4.89,82674,2.85,0.82,0.21,6968.333333333333,,6859.833333333333,,,21.8571744417422,1.0999999999999996,5.15,4.069999999999999,1.0607138864130066,16218.70918160578,177645.14611553738,15015.13416013392,,14886.208728905272,,,15.789797506252334,,,3,0.2,expanding,Sem historico suficiente,Sem historico suficiente,Sem historico suficiente
2012-04-01,7261,8.24,4.63,83607,2.88,0.71,0.64,7129.666666666667,,7005.0,,,20.793180668930145,1.1500000000000004,5.36,3.92,1.0675024552860497,15502.802120435515,178507.47512508638,15296.642989147023,,15129.885396576612,,,14.927044456933558,,,3,0.2,expanding,Sem historico suficiente,Sem historico suficiente,Sem historico suficiente
2012-05-01,8113,8.65,4.4,85042,2.88,0.74,0.36,7640.666666666667,22.36814008114456,7190.666666666667,,22.36814008114456,20.741697783709334,1.21,5.7700000000000005,3.66,1.0713454641250795,17259.75355310791,180920.0002050293,16327.088285049735,16.42017532845974,15456.620859303572,,16.42017532845974,15.003974341990434,,,3,0.2,expanding,Sem historico suficiente,Sem historico suficiente,Sem historico suficiente
2012-06-01,7489,8.73,4.34,85986,2.79,0.64,0.08,7621.0,18.338509316770192,7294.666666666667,,18.338509316770192,19.413390364825634,1.3500000000000005,5.94,3.6999999999999997,1.0722025404963795,15919.508243919487,182782.05846730684,16227.354639154304,12.712656413939904,15621.244399644112,,12.712656413939904,13.818342458798494,,,3,0.2,expanding,Sem historico suficiente,Sem historico suficiente,Sem historico suficiente
2012-07-01,6890,9.08,4.46,86035,2.74,0.68,0.43,7497.333333333333,13.733818770226524,7313.5,,13.733818770226524,18.977486447615878,1.46,6.34,3.78,1.0768130114205139,14583.493647978037,182103.1750368346,15920.91848166848,8.29459995779882,15608.78073540775,,8.29459995779882,13.097985817987002,,,3,0.2,expanding,Sem historico suficiente,Sem historico suficiente,Sem historico suficiente
2012-08-01,7159,9.3,4.43,86896,2.81,0.69,0.41,7179.333333333333,6.7611777535441675,7410.0,14.275433095152422,6.7611777535441675,17.85384907502847,1.3800000000000008,6.49,3.7399999999999998,1.081227944767338,15090.990657589045,183174.56686434665,15197.997516495523,1.5757566375716126,15762.542900772627,8.757796478126,1.5757566375716126,11.985246169442876,,,3,0.2,expanding,Sem historico suficiente,Sem historico suficiente,Sem historico suficiente
2012-09-01,6045,9.19,4.36,88538,2.77,0.54,0.57,6698.0,0.37965830752322294,7159.5,9.199755961157162,0.37965830752322294,17.146297251882125,1.1500000000000004,6.42,3.8200000000000003,1.087390944052512,12670.485110846075,185578.06629348054,14114.989805471052,-4.592326226275068,15171.172222312678,3.942404748174111,-4.592326226275068,11.268654496657371,,,3,0.2,expanding,Sem historico suficiente,Sem historico suficiente,Sem historico suficiente
2012-10-01,7272,8.86,4.41,89577,2.77,0.61,0.59,6825.333333333333,1.9670335142672135,7161.333333333333,7.805404320445586,1.9670335142672135,16.542634852072545,0.5999999999999996,6.09,3.8000000000000003,1.093806550622422,15152.908464718648,186654.57666998106,14304.79474438459,-3.206257482174968,15112.856613026534,2.5291228382468,-3.206257482174968,10.519206354147602,,,3,0.2,expanding,Sem historico suficiente,Sem historico suficiente,Sem historico suficiente
2012-11-01,6794,8.8,4.33,90505,2.7,0.55,0.6,6703.666666666667,0.4595634147559924,6941.5,3.6225213345607576,0.4595634147559924,15.457723120885847,0.41999999999999993,6.1000000000000005,3.7800000000000002,1.1003693899261564,14072.449257876628,187463.5001595708,13965.280944480452,-4.718985932435993,14581.639230487986,-1.5391742085498095,-4.718985932435993,9.403297688741198,,,3,0.2,expanding,Sem historico suficiente,Sem historico suficiente,Sem historico suficiente
2012-12-01,6627,8.95,4.34,89678,2.75,0.55,0.79,6897.666666666667,2.1674730917349727,6797.833333333333,1.278804131903044,2.1674730917349727,12.52085973475201,0.4399999999999995,6.199999999999999,3.79,1.1090623081065731,13618.951529888913,184294.6031835488,14281.436417494728,-3.2244883464208174,14198.21311148289,-3.90926620893427,-3.2244883464208174,6.313663157390104,,,3,0.2,expanding,Sem historico suficiente,Sem historico suficiente,Sem historico suficiente
2013-01-01,7199,8.89,4.43,90475,2.74,0.6,0.86,6873.333333333333,-0.10173925681895568,6849.333333333333,0.9184224743381986,-0.10173925681895568,12.30341471891563,0.120000000000001,6.15,3.8299999999999996,1.1186002439562897,14668.304380078464,184347.10915232656,14119.901722614668,-5.635359748553204,14212.348233499628,-4.428342630466442,-5.635359748553204,5.792603072648461,,,3,0.2,expanding,Sem historico suficiente,Sem historico suficiente,Sem historico suficiente
2013-02-01,6273,8.59,4.52,91368,2.77,0.49,0.6,6699.666666666667,-0.608248442290571,6701.666666666667,-0.07703585894981435,-0.608248442290571,11.807535579241058,-0.02999999999999936,5.82,4.029999999999999,1.1253118454200275,12705.303582896593,185056.30125332312,13664.186497621324,-6.320836676618081,13814.733721050887,-5.5179725678615625,-6.320836676618081,5.16842668627886,,,3,0.2,expanding,Sem historico suficiente,Sem historico suficiente,Sem historico suficiente
2013-03-01,7070,8.46,4.42,92337,2.73,0.55,0.47,6847.333333333333,-1.736426692178905,6872.5,0.18464977283219053,-1.736426692178905,11.68807605776907,0.46000000000000085,5.73,3.87,1.1306008110935015,14252.556477474554,186144.03217264044,13875.388146816536,-7.590648216407403,14078.412282155632,-5.42647534681614,-7.590648216407403,4.784192668892606,,,3,0.2,expanding,Sem historico suficiente,Sem historico suficiente,Sem historico suficiente
2013-04-01,7657,8.27,4.41,93417,2.67,0.61,0.55,7000.0,-1.818691850951426,6936.666666666667,-0.9754936949797677,-1.818691850951426,11.73346729340845,0.02999999999999936,5.6,3.8000000000000003,1.1368191155545158,15351.46861259152,187291.12490302496,14103.109557654223,-7.802584085538311,14111.505640134446,-6.7309152035784585,-7.802584085538311,4.920606138081096,,,3,0.2,expanding,Sem historico suficiente,Sem historico suficiente,Sem historico suficiente
2013-05-01,7699,8.15,4.42,94355,2.85,0.6,0.37,7475.333333333333,-2.163860047116317,7087.5,-1.4347302058223654,-2.163860047116317,10.951059476493974,-0.5,5.300000000000001,3.82,1.1410253462820674,15378.772675662165,188474.35976258002,14994.265921909413,-8.16325813807689,14329.226209765367,-7.29392704783598,-8.16325813807689,4.1755248446770254,,,3,0.2,expanding,Sem historico suficiente,Sem historico suficiente,Sem historico suficiente
2013-06-01,6887,7.65,4.66,95380,2.68,0.61,0.26,7414.333333333333,-2.711805099943143,7130.833333333333,-2.2459331018095496,-2.711805099943143,10.925034307910586,-1.08,4.970000000000001,4.05,1.1439920121824008,13721.12562115553,190027.72785622397,14817.122303136406,-8.690463525183645,14346.255224976472,-8.16189249748046,-8.690463525183645,3.9641031782192915,,,3,0.2,expanding,Sem historico suficiente,Sem historico suficiente,Sem historico suficiente
2013-07-01,7080,7.68,4.98,95477,2.74,0.72,0.03,7222.0,-3.672416859327754,7111.0,-2.7688521227866247,-3.672416859327754,10.974603359098033,-1.4000000000000004,4.9399999999999995,4.260000000000001,1.1443352097860555,14101.413455414682,190163.93396647283,14400.437250744124,-9.550210515021806,14251.773404199173,-8.693871444617528,-9.550210515021806,4.426479070454303,,,3,0.2,expanding,Sem historico suficiente,Sem historico suficiente,Sem historico suficiente
2013-08-01,7136,7.38,4.98,96232,2.73,0.71,0.24,7034.333333333333,-2.0196861361314933,7254.833333333333,-2.0940170940170977,-2.0196861361314933,10.743877738906281,-1.9200000000000008,4.65,4.2700000000000005,1.147081614289542,14178.920649458134,191208.7853053048,14000.486575342782,-7.879399505447948,14497.376248626097,-8.026412109460557,-7.879399505447948,4.3860993250815605,,,3,0.2,expanding,Sem historico suficiente,Sem historico suficiente,Sem historico suficiente
2013-09-01,6762,7.27,5.11,97369,2.77,0.71,0.35,6992.666666666667,4.399323181049075,7203.5,0.6145680564285216,4.399323181049075,9.97424834534324,-1.92,4.5,4.4,1.1510963999395554,13388.937685538382,192793.17857189983,13889.7572634704,-1.5956975180623334,14353.439783303402,-5.390041237595411,-1.5956975180623334,3.8879121991761023,,,3,0.2,expanding,Sem historico suficiente,Sem historico suficiente,Sem historico suficiente
2013-10-01,7118,7.05,5.39,98367,2.7,0.81,0.57,7005.333333333333,2.6372338347333546,7113.666666666667,-0.6656116179482363,2.6372338347333546,9.812786764459624,-1.8099999999999996,4.35,4.58,1.1576576494192108,14013.947539201381,193665.35228837066,13860.601958065965,-3.10520209661167,14130.519604405046,-6.500008792346767,-3.10520209661167,3.756015921744682,,,3,0.2,expanding,Sem historico suficiente,Sem historico suficiente,Sem historico suficiente
2013-11-01,6501,7.03,5.32,99152,2.67,0.72,0.54,6793.666666666667,1.3425488538610697,6914.0,-0.39616797522149527,1.3425488538610697,9.55416827799569,-1.7700000000000005,4.36,4.6000000000000005,1.1639090007260746,12730.4509780856,194162.38661423526,13377.77873427512,-4.206877130083997,13689.132654808951,-6.120756120566595,-4.206877130083997,3.5734350681398297,,,3,0.2,expanding,Sem historico suficiente,Sem historico suficiente,Sem historico suficiente
2013-12-01,6639,7.17,5.31,97525,2.67,0.79,0.92,6752.666666666667,-2.1021601507756227,6872.666666666667,1.1008409542256237,-2.1021601507756227,8.750195142621386,-1.7799999999999994,4.5,4.52,1.1746169635327546,12882.17069984451,189235.38145840273,13208.856405710496,-7.5103090503580106,13549.306834590447,-4.570337631906895,-7.5103090503580106,2.680913162678533,,,3,0.2,expanding,Sem historico suficiente,Sem historico suficiente,Sem historico suficiente
2014-01-01,7013,7.05,5.55,98737,2.64,0.85,0.55,6717.666666666667,-2.264791464597471,6861.5,0.1776328596457155,-2.264791464597471,9.131804365846929,-1.8400000000000007,4.41,4.7,1.1810773568321848,13533.438226822747,190539.15445626658,13048.68663491762,-7.58656192331264,13454.644296491793,-5.331307146146802,-7.58656192331264,3.3589055626706443,,,3,0.2,expanding,Sem historico suficiente,Sem historico suficiente,Sem historico suficiente
2014-02-01,6606,6.86,5.73,99375,2.6,0.79,0.69,6752.666666666667,0.7910841335389884,6773.166666666667,1.0668987813976516,0.7910841335389884,8.763462043603898,-1.7299999999999995,4.26,4.94,1.1892267905943268,12660.665495687212,190456.1964326244,13025.424807451489,-4.674714373087852,13201.601770863303,-4.438246603720564,-4.674714373087852,2.9179742287777533,,,3,0.2,expanding,Sem historico suficiente,Sem historico suficiente,Sem historico suficiente
2014-03-01,6603,6.98,5.68,100199,2.63,0.77,0.92,6740.666666666667,-1.5577840521857622,6746.666666666667,-1.830968837152902,-1.5577840521857622,8.514463324561117,-1.4800000000000004,4.3500000000000005,4.91,1.2001676770677947,12539.5519962969,190284.80546372148,12911.218572935619,-6.948775513008821,13060.037489323056,-7.233591206327727,-6.948775513008821,2.2244996214762613,,0.45200000000000035,3,0.2,expanding,Sem historico suficiente,Queda,Sem historico suficiente
2014-04-01,6982,7.09,5.91,101238,2.61,0.82,0.67,6730.333333333333,-3.8523809523809516,6724.0,-3.065833733781842,-3.8523809523809516,8.372137833584903,-1.1799999999999997,4.48,5.09,1.208208800504149,13171.053056763356,190978.38289324098,12790.423516249155,-9.307777380858717,12919.555075583388,-8.446657606549346,-9.307777380858717,1.968730761868831,,0.45600000000000057,3,0.2,expanding,Sem historico suficiente,Queda,Sem historico suficiente
2014-05-01,7080,7.35,5.83,102202,2.68,0.87,0.46,6888.333333333333,-7.852492642468567,6820.5,-3.7671957671957634,-7.852492642468567,8.316464416300139,-0.8000000000000007,4.67,4.96,1.2137665609864678,13294.767250522214,191914.09640365414,13001.790767860824,-13.288247416882315,13013.607787656156,-9.181364037735818,-13.288247416882315,1.8250422208130335,3.813921616618726,0.46000000000000085,3,0.2,expanding,Queda,Queda,Recuperacao do risco
2014-06-01,6650,7.19,5.95,102499,2.52,0.82,0.4,6904.0,-6.883064334846911,6822.333333333333,-4.326282575669039,-6.883064334846911,7.463828894946523,-0.45999999999999996,4.67,5.13,1.2186216272304138,12437.566431445506,191704.98070026058,12967.795579577025,-12.481011398332875,12939.507076256321,-9.805681877672413,-12.481011398332875,0.8826358463358774,4.010399373351362,0.4680000000000007,3,0.2,expanding,Queda,Estavel,Transicao/estabilidade
2014-07-01,6906,7.46,6.0,102401,2.55,0.95,0.01,6878.666666666667,-4.753992430536325,6804.5,-4.310223597243712,-4.753992430536325,7.252008337086413,-0.21999999999999975,4.91,5.05,1.2187434893931368,12915.074473840235,191502.5399935873,12882.469385269318,-10.541123432876098,12836.446450759237,-9.930883078894038,-10.541123432876098,0.7039221366499815,4.206877130083997,0.4600000000000003,3,0.2,expanding,Queda,Estavel,Transicao/estabilidade
2014-08-01,6840,7.51,5.95,103032,2.58,0.87,0.25,6798.666666666667,-3.350234563806087,6843.5,-5.669783362815595,-3.350234563806087,7.066256546678851,0.1299999999999999,4.93,5.08,1.2217903481166197,12759.74694036227,192202.08285956222,12704.129281882671,-9.25937314023939,12852.960024871747,-11.342854014085413,-9.25937314023939,0.5194832197021659,4.2839669493222114,0.4519999999999998,3,0.2,expanding,Queda,Estavel,Transicao/estabilidade
2014-09-01,7344,7.41,5.78,103502,2.59,0.91,0.57,7030.0,0.533892649442258,6967.0,-3.2831262580689913,0.533892649442258,6.298719304912237,0.14000000000000057,4.82,4.87,1.2287545531008846,13622.29175716261,191984.53723445596,13099.037723788373,-5.6928247534000835,13033.416651682697,-9.196562994998725,-5.6928247534000835,-0.41943462078578575,4.361056768560426,0.4359999999999996,3,0.2,expanding,Queda,Estavel,Transicao/estabilidade
2014-10-01,7458,7.55,6.1,103876,2.49,0.95,0.42,7214.0,2.978682908260377,7046.333333333333,-0.9465348390422235,2.978682908260377,5.600455437290952,0.5,5.06,5.1499999999999995,1.2339153222239083,13775.890161772455,191872.40097134293,13385.976286432446,-3.4242789243169924,13134.222835850882,-7.05067326925175,-3.4242789243169924,-0.9257987016479952,4.43814658779864,0.41999999999999993,3,0.2,expanding,Estavel,Alta,Deterioracao do risco
2014-11-01,6473,7.5,6.1,103660,2.42,0.84,0.51,7091.666666666667,4.3864383494431,6945.166666666667,0.45077620287339304,4.3864383494431,4.546554784573176,0.46999999999999975,5.08,5.26,1.2402082903672504,11895.79924593651,190501.86155318687,13097.993721623856,-2.091416057991946,12901.061501753264,-5.75691077680397,-2.091416057991946,-1.8852905162940692,4.050357488930597,0.4239999999999998,3,0.2,expanding,Estavel,Alta,Deterioracao do risco
2014-12-01,7215,7.65,6.03,102599,2.37,0.96,0.78,7048.666666666667,4.383453450488695,7039.333333333333,2.4250654767678625,4.383453450488695,5.202768520892076,0.4800000000000004,5.28,5.07,1.249881915032115,13156.791756177594,187092.678779219,12942.827054628853,-2.0140225838675585,13020.932389208612,-3.89964189188583,-2.0140225838675585,-1.1322949559804063,3.4242789243169924,0.42799999999999977,3,0.2,expanding,Estavel,Alta,Deterioracao do risco
2015-01-01,7072,7.88,6.27,103564,2.37,0.94,1.24,6920.0,3.011958517342328,7067.0,2.9949719449100076,3.011958517342328,4.888744847422943,0.8300000000000001,5.51,5.33,1.2653804507785131,12738.074391706108,186539.3009477731,12596.888464606736,-3.462403404660619,12991.432375519593,-3.4427660127215876,-3.462403404660619,-2.0992291688853637,3.2644464620000524,0.43199999999999966,3,0.2,expanding,Queda,Alta,Aperto com deterioração
2015-02-01,6281,7.79,6.3,104265,2.42,0.82,1.22,6856.0,1.5302596505084365,6973.833333333333,2.962671325573951,1.5302596505084365,4.920754716981124,0.9299999999999997,5.37,5.4799999999999995,1.280818092278011,11176.967530950747,185538.37280919912,12357.277892944816,-5.1295594914067095,12727.635807284338,-3.5902155799384827,-5.1295594914067095,-2.582128445038545,3.3044045775792874,0.4359999999999996,3,0.2,expanding,Queda,Alta,Aperto com deterioração
2015-03-01,8269,7.39,6.15,105072,2.31,1.04,1.32,7207.333333333333,6.923153001681337,7128.0,5.652173913043468,6.923153001681337,4.86332198924142,0.40999999999999925,5.08,5.11,1.2977248910960808,14522.888622205943,184538.51170787553,12812.643514954267,-0.7634837674267758,12877.735284791559,-1.3958781104613016,-0.7634837674267758,-3.0198384688900015,3.3443626931585224,0.4399999999999995,3,0.2,expanding,Estavel,Estavel,Transicao/estabilidade
2015-04-01,7421,7.51,6.51,106123,2.28,0.95,0.71,7323.666666666667,8.815809023822506,7121.833333333333,5.916617093000198,8.815809023822506,4.825263241075484,0.41999999999999993,5.23,5.56,1.3069387378228632,12941.65596058891,185070.3888297503,12880.5040379152,0.7042809923502702,12738.696251260968,-1.399884309206767,0.7042809923502702,-3.093540731671862,3.2208421735716475,0.4239999999999998,3,0.2,expanding,Estavel,Estavel,Transicao/estabilidade
2015-05-01,7125,7.78,6.46,106832,2.32,0.99,0.74,7605.0,10.404064843939032,7230.5,6.011289494905059,10.404064843939032,4.530244026535679,0.4300000000000006,5.460000000000001,5.47,1.3166100844827524,12334.18167348389,184938.2872339131,13266.242085426247,2.033960723465289,12811.759989185533,-1.5510518048813537,2.033960723465289,-3.6348602319804413,3.206257482174968,0.41999999999999993,3,0.2,expanding,Estavel,Alta,Deterioracao do risco
2015-06-01,7567,7.17,6.49,107274,2.26,1.07,0.79,7371.0,6.764194669756662,7289.166666666667,6.842722431230763,6.764194669756662,4.65858203494669,-0.020000000000000462,4.91,5.42,1.327011304150166,12996.660100748315,184247.8810159475,12757.49924494037,-1.6216814442066796,12785.071379947318,-1.1935207067693687,-1.6216814442066796,-3.8898831199240647,3.1254131737243296,0.41999999999999993,3,0.2,expanding,Estavel,Estavel,Transicao/estabilidade
2015-07-01,7068,7.51,6.62,107344,2.27,1.18,0.62,7253.333333333333,5.446792013956192,7288.5,7.112939966198839,5.446792013956192,4.827101297838898,0.04999999999999982,5.24,5.44,1.335238774235897,12064.803555879947,183232.07030310936,12465.215110037383,-3.2389308505483383,12672.859573976291,-1.2743937927873317,-3.2389308505483383,-4.318725846014837,2.496930473439836,0.4179999999999998,3,0.2,expanding,Queda,Estavel,Transicao/estabilidade
2015-08-01,6871,7.96,6.79,107916,2.28,1.11,0.22,7168.666666666667,5.442243577172001,7386.833333333333,7.93940722339932,5.442243577172001,4.740274866061034,0.4500000000000002,5.68,5.68,1.3381762995392161,11702.786020225101,183804.08327151972,12254.749892284453,-3.5372702813964207,12760.495988855351,-0.71939876757936,-3.5372702813964207,-4.369359303030407,2.699687681163781,0.40999999999999925,3,0.2,expanding,Queda,Alta,Aperto com deterioração
2015-09-01,6686,8.15,6.72,108371,2.28,1.11,0.54,6875.0,-2.204836415362732,7123.0,2.2391273144825696,-2.204836415362732,4.704256922571548,0.7400000000000002,5.870000000000001,5.609999999999999,1.345402451556728,11326.528107732873,183587.67238455266,11698.039227945972,-10.695430652116755,12227.769236443171,-6.181398452688236,-10.695430652116755,-4.3737193478497804,2.902444888887726,0.4119999999999994,3,0.2,expanding,Queda,Alta,Aperto com deterioração
2015-10-01,5940,8.06,7.16,108243,2.27,1.11,0.82,6499.0,-9.911283615192678,6876.166666666667,-2.4149675954396987,-9.911283615192678,4.204050983865382,0.5100000000000007,5.790000000000001,6.05,1.3564347516594932,9980.911084882198,181879.42063314878,11003.408404280059,-17.798984782060877,11734.31175715872,-10.658499525917865,-17.798984782060877,-5.208138475156032,3.10520209661167,0.41399999999999954,3,0.2,expanding,Queda,Alta,Aperto com deterioração
2015-11-01,6234,8.97,6.81,108331,2.28,1.06,1.01,6286.666666666667,-11.351351351351347,6727.666666666667,-3.1316743058721896,-11.351351351351347,4.5060775612579596,1.4700000000000006,6.690000000000001,5.75,1.370134742651254,10370.17698736959,180207.19332992221,10559.20539332822,-19.383032105934504,11406.977642806336,-11.581092445330022,-19.383032105934504,-5.403972506793819,3.1254131737243296,0.41599999999999965,3,0.2,expanding,Queda,Alta,Aperto com deterioração
2015-12-01,7329,9.79,6.7,107452,2.3,1.16,0.96,6501.0,-7.769790977016933,6688.0,-4.991002935884081,-7.769790977016933,4.730065595181232,2.139999999999999,7.489999999999999,5.54,1.383288036180706,12075.767711844976,177045.35300493467,10808.951928032255,-16.486932241232743,11253.495577989115,-13.573811447514316,-16.486932241232743,-5.370239947304811,3.145624250836989,0.4179999999999998,3,0.2,expanding,Queda,Alta,Aperto com deterioração
2016-01-01,6199,9.88,6.73,107742,2.3,1.06,1.27,6587.333333333333,-4.807321772639694,6543.166666666667,-7.412386208197718,-4.807321772639694,4.034220385462128,2.000000000000001,7.580000000000001,5.67,1.400855794240201,10085.81168508112,175296.90636780288,10843.91879476523,-13.915894189003875,10923.663599522644,-15.916403335888884,-13.915894189003875,-6.026823582403084,3.1658353279496487,0.41999999999999993,3,0.2,expanding,Queda,Alta,Aperto com deterioração
2016-02-01,6380,10.09,6.91,107726,2.3,1.0,0.9,6636.0,-3.2088681446907796,6461.333333333333,-7.348899457495883,-3.2088681446907796,3.319426461420427,2.3,7.79,5.91,1.4134634963883626,10287.710420830615,173707.50670758606,10816.429939252237,-12.469153538841283,10687.817666290228,-16.02668533166757,-12.469153538841283,-6.376506338006704,3.1860464050623083,0.41999999999999993,3,0.2,expanding,Queda,Alta,Aperto com deterioração
2016-03-01,7204,10.09,7.04,108045,2.28,1.16,0.43,6594.333333333333,-8.505226158542223,6547.666666666667,-8.141601197156746,-8.505226158542223,2.829488350845133,2.7,7.8100000000000005,5.88,1.4195413894228324,11566.668633912384,173475.9456622798,10646.730246608038,-16.904499573552357,10727.841087320148,-16.694660589975086,-16.904499573552357,-5.9947194453956465,3.206257482174968,0.41999999999999993,3,0.2,expanding,Queda,Alta,Aperto com deterioração
2016-04-01,6691,10.6,7.21,109474,2.27,1.06,0.61,6758.333333333333,-7.719266305584638,6672.833333333333,-6.304556411036488,-7.719266305584638,3.1576566813980023,3.09,8.33,6.15,1.4282005918983116,10677.866103595907,174704.63515544138,10844.081719446302,-15.810113583090091,10844.000257105765,-14.873547157289767,-15.810113583090091,-5.600979032817932,3.2099036550241378,0.41999999999999993,3,0.2,expanding,Queda,Alta,Aperto com deterioração
2016-05-01,6858,10.22,7.18,109123,2.35,1.11,0.78,6917.666666666667,-9.037913653298268,6776.833333333333,-6.274347094484023,-9.037913653298268,2.144488542758727,2.4400000000000004,7.870000000000001,6.069999999999999,1.4393405565151185,10859.66848188979,172796.67596227175,11034.734406466028,-16.82094797148068,10925.582172859133,-14.722238146191746,-16.82094797148068,-6.565223163489375,3.2135498278733077,0.41999999999999993,3,0.2,expanding,Queda,Alta,Aperto com deterioração
2016-06-01,7072,9.64,7.12,107979,2.23,1.16,0.35,6873.666666666667,-6.747162302717857,6734.0,-7.616325597347662,-6.747162302717857,0.6571955925946726,2.4700000000000006,7.41,5.96,1.4443782484629215,11159.48009669926,170388.7869572242,10899.004894061653,-14.567857815988472,10772.867570334847,-15.73869828187664,-14.567857815988472,-7.521982875625977,3.2171960007224776,0.41999999999999993,3,0.2,expanding,Queda,Alta,Aperto com deterioração
2016-07-01,6179,9.76,7.27,107415,2.26,1.11,0.52,6703.0,-7.587316176470582,6730.666666666667,-7.65360956758363,-7.587316176470582,0.0661424951557521,2.25,7.5,6.159999999999999,1.4518890153549289,9699.903758023987,168621.97154363917,10573.017445537678,-15.179823595471264,10708.54958249199,-15.50013223154474,-15.179823595471264,-7.973548918211526,3.2208421735716475,0.4220000000000001,3,0.2,expanding,Queda,Alta,Aperto com deterioração
2016-08-01,6555,9.83,7.27,106932,2.29,1.22,0.44,6602.0,-7.904770761647917,6759.833333333333,-8.488075630062497,-7.904770761647917,-0.9118203046814211,1.87,7.54,6.05,1.4582773270224905,10245.076886468472,167128.3846870857,10368.153580397238,-15.394816936043787,10701.443993431634,-16.136143902415967,-15.394816936043787,-9.072539786725143,3.2244883464208174,0.4240000000000002,3,0.2,expanding,Queda,Alta,Aperto com deterioração
2016-09-01,5618,9.97,7.38,106602,2.28,1.11,0.08,6117.333333333333,-11.020606060606063,6495.5,-8.809490383265473,-11.020606060606063,-1.6323555194655448,1.8200000000000003,7.690000000000001,6.27,1.4594439488841082,8773.582499093003,166479.43068143688,9572.854381195155,-18.16701761158288,10235.929637628404,-16.289476521018788,-18.16701761158288,-9.31884013828551,3.2273768472463216,0.4260000000000003,3,0.2,expanding,Queda,Alta,Aperto com deterioração
2016-10-01,6291,9.29,7.42,105734,2.28,1.05,0.26,6154.666666666667,-5.298251012976351,6428.833333333333,-6.505562692391598,-5.298251012976351,-2.317932799349609,1.2299999999999986,7.01,6.37,1.4632385031512067,9799.123116812289,164695.67376141003,9605.927500791257,-12.70043655696007,10089.472473164466,-14.017347740831843,-12.70043655696007,-9.447878606562288,3.2302653480718257,0.4280000000000005,3,0.2,expanding,Queda,Alta,Aperto com deterioração
2016-11-01,5931,9.14,7.49,105154,2.35,1.04,0.18,5946.666666666667,-5.408271474019088,6274.333333333333,-6.738344151018194,-5.408271474019088,-2.9326785499995345,0.16999999999999993,6.790000000000001,6.45,1.465872332456879,9221.772960287075,163497.94534918683,9264.826192064123,-12.258301198326382,9816.489886230682,-13.943112771669863,-12.258301198326382,-9.272242507070317,3.23315384889733,0.4300000000000006,3,0.2,expanding,Queda,Estavel,Transicao/estabilidade
2016-12-01,5807,9.22,7.56,101894,2.33,1.12,0.3,6009.666666666667,-7.557811618725319,6063.5,-9.33761961722488,-7.557811618725319,-5.172542158359084,-0.5699999999999985,6.890000000000001,6.4399999999999995,1.4702699494542495,9001.966546892294,157955.29177355662,9340.954207997218,-13.581314171893833,9456.904294596186,-15.964739764121894,-13.581314171893833,-10.78258248938393,3.236042349722834,0.4220000000000001,3,0.2,expanding,Queda,Queda,Recuperacao do risco
2017-01-01,6195,9.03,7.6,101385,2.34,1.09,0.38,5977.666666666667,-9.255136119825924,6066.166666666667,-7.290048141827354,-9.255136119825924,-5.900206047780809,-0.8500000000000014,6.6899999999999995,6.51,1.4758569752621757,9567.086222346088,156571.27306740245,9263.608576508484,-14.573239141366667,9434.76803864987,-13.630001943101188,-14.573239141366667,-10.682238316922065,3.2389308505483383,0.4240000000000002,3,0.2,expanding,Queda,Queda,Recuperacao do risco
2017-02-01,5769,8.73,7.64,101492,2.31,0.87,0.33,5923.666666666667,-10.734378139441425,5935.166666666667,-8.143314073462637,-10.734378139441425,-5.786903811521826,-1.3599999999999994,6.42,6.77,1.480727303280541,8879.900592244878,156220.98646353217,9149.65112049442,-15.40969458609599,9207.23865627927,-13.852959100160911,-15.40969458609599,-10.066646269634226,3.276000465302069,0.4260000000000003,3,0.2,expanding,Queda,Queda,Recuperacao do risco
2017-03-01,6915,8.75,7.38,102082,2.33,1.05,0.25,6293.0,-4.569579942374757,6151.333333333333,-6.053046886931746,-4.569579942374757,-5.518996714331992,-1.3399999999999999,6.42,6.33,1.4844291215387424,10617.331276657262,156737.29738014846,9688.106030416076,-9.003930727909381,9514.530119206647,-11.30992674329956,-9.003930727909381,-9.648973647745873,3.3130700800558,0.4280000000000005,3,0.2,expanding,Queda,Queda,Recuperacao do risco
2017-04-01,6178,8.58,7.15,102003,2.36,0.79,0.14,6287.333333333333,-6.969173859432798,6132.5,-8.097509803431823,-6.969173859432798,-6.82445146792846,-2.0199999999999996,6.220000000000001,6.36,1.4865073223088967,9472.47571797005,156397.04445776934,9656.569195624063,-10.950789145130802,9460.088886066274,-12.76200053695733,-10.950789145130802,-10.479167127639787,3.350139694809531,0.4300000000000006,3,0.2,expanding,Queda,Queda,Recuperacao do risco
2017-05-01,7392,8.59,7.29,103187,2.41,0.93,0.31,6828.333333333333,-1.2913795595817512,6376.0,-5.914758613905214,-1.2913795595817512,-5.439733145166459,-1.6300000000000008,6.18,6.36,1.4911154950080545,11298.82610060231,157723.4806335025,10462.877698409873,-5.18233323061279,9806.264409452147,-10.244925585636489,-5.18233323061279,-8.723081763482698,3.3872093095632616,0.4320000000000004,3,0.2,expanding,Queda,Queda,Recuperacao do risco
2017-06-01,7375,8.17,6.99,103498,2.34,0.81,-0.23,6981.666666666667,1.5712138111633855,6637.333333333333,-1.4355014355014406,1.5712138111633855,-4.14988099537873,-1.4700000000000006,5.83,6.18,1.4876859293695361,11298.82855187359,158563.54677448308,10690.043456815316,-1.9172524398093471,10189.074743615696,-5.419103343725629,-1.9172524398093471,-6.940151634338365,3.4242789243169924,0.43400000000000016,3,0.2,expanding,Estavel,Queda,Recuperacao do risco
2017-07-01,6532,8.14,7.31,103061,2.4,0.8,0.24,7099.666666666667,5.917748271918044,6693.5,-0.5521988906497688,5.917748271918044,-4.053437601824694,-1.6199999999999992,5.74,6.51,1.491256375600023,9983.35494485618,157516.00489464524,10860.336532444027,2.7174748210371247,10258.452864034045,-4.203152957276613,2.7174748210371247,-6.586310518922922,3.276000465302069,0.43599999999999994,3,0.2,expanding,Estavel,Queda,Recuperacao do risco
2017-08-01,6920,8.47,7.2,103574,2.41,0.8,0.19,6942.333333333333,5.155003534282532,6885.333333333333,1.8565546487832485,5.155003534282532,-3.1403134702427726,-1.3599999999999994,6.0600000000000005,6.4,1.4940897627136631,10556.308020640265,157999.8622730917,10612.830505790012,2.359889092069145,10537.854102099942,-1.5286711908420902,2.359889092069145,-5.461982075088734,3.2302653480718257,0.4379999999999997,3,0.2,expanding,Estavel,Queda,Recuperacao do risco
2017-09-01,6635,8.29,7.08,103500,2.39,0.64,0.16,6695.666666666667,9.45401046207499,6838.666666666667,5.283144741231105,9.45401046207499,-2.9098891202791743,-1.6800000000000015,5.899999999999999,6.44,1.496480306334005,10105.378174826079,157634.7612802561,10215.013713440841,6.7081280741837945,10452.528585128079,2.11606522482759,6.7081280741837945,-5.312770091162388,3.2171960007224776,0.4399999999999995,3,0.2,expanding,Alta,Queda,Expansão sem deterioração observada
2017-10-01,6877,8.4,7.27,103733,2.43,0.64,0.42,6810.666666666667,10.658578856152513,6955.166666666667,8.187073859953852,10.658578856152513,-1.892484914975312,-0.8899999999999988,5.970000000000001,6.63,1.502765523620608,10430.147518820193,157328.8487087066,10363.944571428845,7.891138784621776,10612.140551936436,5.180331084327139,7.891138784621776,-4.472992449926516,3.2208421735716475,0.44199999999999967,3,0.2,expanding,Alta,Queda,Expansão sem deterioração observada
2017-11-01,6601,8.28,7.03,104109,2.42,0.57,0.28,6704.333333333333,12.741031390134516,6823.333333333333,8.749933591882275,12.741031390134516,-0.9937805504308006,-0.8600000000000012,5.859999999999999,6.46,1.5069732670867455,9983.592222383999,157458.23400699528,10173.039305343424,9.80280789354946,10392.934905566717,5.8722112080469735,9.80280789354946,-3.6940594753606004,3.2244883464208174,0.4439999999999998,3,0.2,expanding,Alta,Queda,Expansão sem deterioração observada
2017-12-01,7106,7.91,6.52,101985,2.4,0.54,0.44,6861.333333333333,14.171612402240829,6778.5,11.791869382369914,14.171612402240829,0.08930849706558774,-1.3100000000000005,5.51,5.9799999999999995,1.5136039494619271,10700.291287983035,153570.1107521742,10371.343676395742,11.030880201900128,10293.178694918292,8.843003738548628,11.030880201900128,-2.776216594040415,3.2273768472463216,0.4459999999999999,3,0.2,expanding,Alta,Queda,Expansão sem deterioração observada
2018-01-01,7571,8.06,6.89,102813,2.48,0.58,0.29,7092.666666666667,18.652763062510445,6951.666666666667,14.597356925021288,18.652763062510445,1.408492380529669,-0.9699999999999989,5.58,6.31,1.5179934009153666,11367.527463533288,154369.251236065,10683.803657966775,15.330905550778006,10523.874114697808,11.543538448283819,15.330905550778006,-1.4064022015005895,3.2302653480718257,0.44800000000000006,3,0.2,expanding,Alta,Queda,Expansão sem deterioração observada
2018-02-01,6956,7.85,7.02,103604,2.42,0.47,0.32,7211.0,21.732035338472787,6957.666666666667,17.227822863721887,21.732035338472787,2.0809521932763086,-0.8800000000000008,5.43,6.55,1.5228509797982959,10410.817076852887,155060.7090900326,10826.211942789736,18.32376776137363,10499.62562406658,14.036640257021137,18.32376776137363,-0.7427154313677686,3.23315384889733,0.4500000000000002,3,0.2,expanding,Alta,Queda,Expansão sem deterioração observada
2018-03-01,7741,7.81,6.99,105090,2.43,0.53,0.09,7422.666666666667,17.951162667514176,7142.0,16.10490950471444,17.951162667514176,2.946650731764655,-0.9400000000000004,5.379999999999999,6.46,1.5242215456801143,11575.283077880598,157143.32756161634,11117.87587275559,14.757991271469528,10744.609774575667,12.92843303828426,14.757991271469528,0.2590514116644016,3.236042349722834,0.4520000000000001,3,0.2,expanding,Alta,Queda,Expansão sem deterioração observada
2018-04-01,7811,7.91,6.99,105932,2.42,0.52,0.22,7502.666666666667,19.32986957904783,7297.666666666667,18.999864111971743,19.32986957904783,3.851847494681526,-0.6699999999999999,5.49,6.470000000000001,1.5275748330806105,11654.316081590578,158054.66792408822,11213.472078774686,16.122733153055503,10948.63786837073,15.735042241483965,16.122733153055503,1.0598815802855377,3.2389308505483383,0.45400000000000007,3,0.2,expanding,Alta,Queda,Expansão sem deterioração observada
2018-05-01,8394,7.77,6.58,107062,2.4,0.52,0.4,7982.0,16.89528923602637,7596.5,19.14209535759097,16.89528923602637,3.7553180148662157,-0.8200000000000003,5.369999999999999,6.0600000000000005,1.533685132412933,12474.277667064593,159104.25489531443,11901.292275511922,13.747791177188805,11363.75210915083,15.882579080750038,13.747791177188805,0.8754398877491187,3.276000465302069,0.45600000000000007,3,0.2,expanding,Alta,Queda,Expansão sem deterioração observada
2018-06-01,8082,7.63,6.58,108135,2.37,0.52,1.26,8095.666666666667,15.95607543566484,7759.166666666667,16.901868220168748,15.95607543566484,4.480279812170274,-0.54,5.26,6.0600000000000005,1.5530095650813358,11861.165481859243,158699.2241253216,11996.58641017147,12.222054649583125,11557.231141463531,13.427680454548607,12.222054649583125,0.08556654640898831,3.3130700800558,0.458,3,0.2,expanding,Alta,Queda,Expansão sem deterioração observada
2018-07-01,8186,7.61,6.74,108367,2.39,0.54,0.33,8220.666666666666,15.78947368421051,7861.666666666667,17.452254674933386,15.78947368421051,5.1484072539564,-0.5300000000000002,5.220000000000001,6.2,1.5581344966461044,11974.281041148688,158516.6031744637,12103.24139669084,11.444441528434934,11658.356737732765,13.646345041041785,11.444441528434934,0.6352359434761645,3.350139694809531,0.45999999999999996,3,0.2,expanding,Alta,Queda,Expansão sem deterioração observada
2018-08-01,8712,7.57,6.85,109755,2.36,0.57,-0.09,8326.666666666666,19.940461900417716,8154.333333333333,18.430480247869863,19.940461900417716,5.967713905034078,-0.9000000000000004,5.210000000000001,6.279999999999999,1.5567321755991228,12755.1806680358,160691.5581060915,12196.875730347912,14.925756363429166,12049.084002929916,14.340964357523433,14.925756363429166,1.703606442610317,3.3872093095632616,0.46000000000000013,3,0.2,expanding,Alta,Queda,Expansão sem deterioração observada
2018-09-01,7473,7.47,6.88,109508,2.34,0.47,0.48,8123.666666666667,21.327226564444658,8109.666666666667,18.585494248391488,21.327226564444658,5.804830917874404,-0.8199999999999994,5.13,6.41,1.5642044900419985,10888.902360980373,159564.01977067292,11872.788023388288,16.228801609597078,11934.68721677988,14.179905078285305,16.228801609597078,1.22387884166415,3.4242789243169924,0.4600000000000003,3,0.2,expanding,Alta,Queda,Expansão sem deterioração observada
2018-10-01,8947,7.47,7.04,111162,2.36,0.54,0.45,8377.333333333334,23.003132341425214,8299.0,19.321367808104274,23.003132341425214,7.161655403777001,-0.9300000000000006,5.109999999999999,6.5,1.5712434102471873,12978.264399749023,161248.4438588243,12207.449142921732,17.787673011828286,12155.345269806288,14.54187974911676,17.787673011828286,2.4913391169440358,3.4319038203857177,0.4600000000000005,3,0.2,expanding,Alta,Queda,Expansão sem deterioração observada
2018-11-01,8559,7.49,6.91,112589,2.31,0.49,-0.21,8326.333333333334,24.193307810868614,8326.5,22.02979970688814,24.193307810868614,8.14530924319703,-0.7899999999999991,5.18,6.42,1.5679437990856682,12441.569902971707,163662.0999889802,12102.912221233702,18.97046554097759,12149.893975790807,16.90532160730669,18.97046554097759,3.9400073429689986,3.439528716454443,0.4600000000000007,3,0.2,expanding,Alta,Queda,Expansão sem deterioração observada
2018-12-01,9752,7.42,6.27,113155,2.37,0.49,0.15,9086.0,32.42324135250681,8604.833333333334,26.943030660667322,32.42324135250681,10.952591067313811,-0.4900000000000002,5.05,5.779999999999999,1.5702957147842969,14154.511858078064,164238.49357063405,13191.448720266264,27.191318038074776,12532.118371827275,21.751683743859807,27.191318038074776,6.946913540797062,3.4471536125231683,0.46000000000000085,3,0.2,expanding,Alta,Queda,Expansão sem deterioração observada
2019-01-01,10248,7.39,6.64,115710,2.35,0.54,0.32,9519.666666666666,34.21844158285552,8948.5,28.724526492447854,34.21844158285552,12.544133523970702,-0.6700000000000008,5.039999999999999,6.1,1.5753206610716068,14826.983259965155,167411.22492296723,13807.688340338309,29.2394430146804,13007.56874163002,23.600573323691144,29.2394430146804,8.44855667982618,3.4547785085918936,0.46200000000000063,3,0.2,expanding,Alta,Queda,Expansão sem deterioração observada
2019-02-01,8932,7.25,6.89,117521,2.25,0.49,0.43,9644.0,33.74011926223825,8985.166666666666,29.14051645666649,33.74011926223825,13.432879039419321,-0.5999999999999996,5.0,6.3999999999999995,1.5820945399142148,12867.640892601388,169303.40632998294,13949.712003548202,28.851273901382648,13026.312112390951,24.064538858727126,28.851273901382648,9.185239332086791,3.462403404660619,0.4640000000000004,3,0.2,expanding,Alta,Queda,Expansão sem deterioração observada
2019-03-01,8769,7.4,6.94,119412,2.25,0.47,0.75,9316.333333333334,25.511945392491462,9201.166666666666,28.831793148511142,25.511945392491462,13.628318584070787,-0.40999999999999925,5.15,6.470000000000001,1.5939602489635716,12538.778572619989,170747.02097316663,13411.134241728845,20.62676715606162,13301.291480997555,23.795016850882877,20.62676715606162,8.656869892370223,3.4773767800077793,0.4660000000000002,3,0.2,expanding,Alta,Estavel,Expansão sem deterioração observada
2019-04-01,9324,7.38,7.07,121332,2.22,0.52,0.57,9008.333333333334,20.06842011729164,9264.0,26.94468551591833,20.06842011729164,14.537627912245599,-0.5300000000000002,5.16,6.550000000000001,1.603045822382664,13256.808345595662,172509.12378676672,12887.742603605679,14.930884146045331,13347.715471971997,21.912110277497664,14.930884146045331,9.145225542861413,3.4923501553549396,0.4600000000000007,3,0.2,expanding,Alta,Queda,Expansão sem deterioração observada
2019-05-01,10319,7.61,6.79,124175,2.27,0.54,0.13,9470.666666666666,18.65029650045935,9557.333333333334,25.81232585181774,18.65029650045935,15.984196073303325,-0.15999999999999925,5.34,6.25,1.6051297819517616,14652.445312963764,176322.06577548943,13482.677410393138,13.287507761951801,13716.194706970671,20.701284005707056,13.287507761951801,10.821716170635277,3.5073235307021,0.46000000000000085,3,0.2,expanding,Alta,Estavel,Expansão sem deterioração observada
2019-06-01,9471,7.76,6.8,125953,2.25,0.47,0.01,9704.666666666666,19.87483015605056,9510.5,22.57115240038663,19.87483015605056,16.47755120913672,0.1299999999999999,5.51,6.33,1.6052902949299568,13446.984554289973,178828.85076195598,13785.412737616467,14.911127768215081,13598.273489672654,17.660305684175004,14.911127768215081,12.684136767258792,3.5222969060492604,0.46000000000000013,3,0.2,expanding,Alta,Estavel,Expansão sem deterioração observada
2019-07-01,10377,7.88,6.76,126705,2.26,0.57,0.19,10055.666666666666,22.321790609034142,9532.0,21.246555013779943,22.321790609034142,16.922125739385606,0.2699999999999996,5.62,6.1899999999999995,1.6083403464903236,14705.388736152347,179555.38978646844,14268.272867802027,17.888030157798298,13578.007735703854,16.465879721779796,17.888030157798298,13.272292107375904,3.5372702813964207,0.4540000000000001,3,0.2,expanding,Alta,Estavel,Expansão sem deterioração observada
2019-08-01,10110,7.64,6.65,127712,2.22,0.5,0.11,9986.0,19.92794235388311,9728.333333333334,19.302620283693763,19.92794235388311,16.360985832080544,0.0699999999999994,5.42,6.15,1.610109520871463,14311.27697689044,180783.56135238695,14154.55008911092,16.05062150376737,13818.61374975203,14.686010541480353,16.05062150376737,12.503459100838587,3.6711916511339355,0.4459999999999999,3,0.2,expanding,Alta,Estavel,Expansão sem deterioração observada
2019-09-01,9946,7.86,6.5,128675,2.28,0.46,-0.04,10144.333333333334,24.873825448278698,9924.5,22.37864277200048,24.873825448278698,17.502830843408688,0.39000000000000057,5.58,6.04,1.6094654770631145,14084.759602372334,182219.6301865333,14367.141771805042,21.008997579196276,14076.277254710752,17.944249388621202,21.008997579196276,14.198445519498248,3.805113020871453,0.4379999999999997,3,0.2,expanding,Alta,Estavel,Expansão sem deterioração observada
2019-10-01,12041,7.9,5.88,130769,2.27,0.48,0.1,10699.0,27.713671812828267,10377.333333333334,25.043177892918834,27.713671812828267,17.63822169446394,0.4300000000000006,5.630000000000001,5.4,1.6110749425401774,17034.50283601029,184999.99180817456,15143.513138424356,24.051412880184266,14705.89300311319,20.98293118536443,24.051412880184266,14.729784288737168,3.9390343906089678,0.4300000000000006,3,0.2,expanding,Alta,Estavel,Expansão sem deterioração observada
2019-11-01,10333,7.91,6.05,132502,2.26,0.38,0.51,10773.333333333334,29.38868649665718,10379.666666666666,24.658219740186937,29.38868649665718,17.686452495359227,0.41999999999999993,5.65,5.67,1.6192914247471324,14544.006598198233,186500.5286242584,15221.089678860286,25.763860801666905,14687.819883985605,20.888461358195578,25.763860801666905,13.95462274822088,4.072955760346482,0.4300000000000006,3,0.2,expanding,Alta,Estavel,Expansão sem deterioração observada
2019-12-01,11251,8.13,5.7,132280,2.29,0.37,1.15,11208.333333333334,23.35828013794117,10676.333333333334,24.07367952119932,23.35828013794117,16.901595157085403,0.7100000000000009,5.840000000000001,5.33,1.6379132761317245,15656.074205604704,184071.23774930142,15744.861213271077,19.356573695214795,15056.00149253806,20.13931759840839,19.356573695214795,12.075576040362268,4.206877130083997,0.4240000000000002,3,0.2,expanding,Alta,Alta,Crescimento com alerta
2020-01-01,11760,8.17,6.1,135038,2.3,0.38,0.21,11114.666666666666,16.754788332924832,10906.833333333334,21.88448715799669,16.754788332924832,16.70382853685939,0.7800000000000002,5.87,5.72,1.6413528940116011,16330.068482523144,187515.28807338097,15510.049762108692,12.329083477333725,15326.781450266526,17.829717103196895,12.329083477333725,12.008790425889583,4.2839669493222114,0.4260000000000003,3,0.2,expanding,Alta,Alta,Crescimento com alerta
2020-02-01,10274,8.08,6.23,136862,2.28,0.29,0.25,11095.0,15.045624222314391,10934.166666666666,21.691306041438672,15.045624222314391,16.45748419431421,0.8300000000000001,5.800000000000001,5.94,1.64545627624663,14231.014605445806,189574.1795727588,15405.719097857886,10.437542323019544,15313.404388359086,17.55748101408223,10.437542323019544,11.973045127790783,4.3610567685604265,0.4280000000000005,3,0.2,expanding,Alta,Alta,Crescimento com alerta
2020-03-01,12417,8.39,5.71,137734,2.29,0.34,0.07,11483.666666666666,23.26380192493469,11346.0,23.310449761805586,23.26380192493469,15.343516564499371,0.9900000000000002,6.1000000000000005,5.37,1.6466080956400027,17187.356465407112,190648.57497031355,15916.14651779202,18.678601160137642,15830.50386553155,19.014788061349286,18.678601160137642,11.655579045372889,4.438146587798641,0.4300000000000006,3,0.2,expanding,Alta,Alta,Crescimento com alerta
2020-04-01,11994,8.62,5.32,138854,2.35,0.28,-0.31,11561.666666666666,28.34412580943568,11338.166666666666,22.389536557282664,28.34412580943568,14.441367487554801,1.2399999999999993,6.27,5.04,1.6415036105435186,16653.474320453235,192796.5252036196,16023.948463768718,24.334795911315,15766.999112938705,18.12507650501547,24.334795911315,11.760190401250625,4.515236407036854,0.4300000000000006,3,0.2,expanding,Alta,Alta,Crescimento com alerta
2020-05-01,9647,8.57,5.33,138135,2.42,0.24,-0.38,11352.666666666666,19.871885118963828,11223.833333333334,17.43687220982142,19.871885118963828,11.2421985101671,0.96,6.15,5.09,1.6352658968234532,13445.796943962541,192529.81868500734,15762.209243274294,16.907115430381616,15583.964170566089,13.617256852195393,16.907115430381616,9.19212966240719,4.592326226275068,0.4300000000000006,3,0.2,expanding,Alta,Alta,Crescimento com alerta
2020-06-01,11525,7.91,5.26,137492,2.38,0.21,0.26,11055.333333333334,13.917702823383959,11269.5,18.49534724777877,13.917702823383959,9.161353838336517,0.15000000000000036,5.53,5.05,1.6395175881551942,16021.659718645516,191136.66273631316,15373.643661020431,11.521098088489845,15644.895089406224,15.050598896160583,11.521098088489845,6.8824532070278055,4.608803855637625,0.4300000000000006,3,0.2,expanding,Alta,Estavel,Expansão sem deterioração observada
2020-07-01,9449,7.52,5.13,138021,2.45,0.19,0.36,10207.0,1.504955746345349,10884.333333333334,14.187298922926296,1.504955746345349,8.9309814135196,-0.3600000000000003,5.069999999999999,4.9399999999999995,1.645419851472553,13088.556915838897,191183.79871743047,14185.337859482317,-0.5812547116817668,15104.643161625516,11.24344201032763,-0.5812547116817668,6.4762238241864,4.6252814850001815,0.4280000000000005,3,0.2,expanding,Estavel,Estavel,Transicao/estabilidade
2020-08-01,10219,7.03,4.54,138870,2.6,0.16,0.24,10397.666666666666,4.12243807997863,10875.166666666666,11.788590029124535,4.12243807997863,8.736845402154847,-0.6099999999999994,4.43,4.38,1.649368859116087,14121.253781163085,191899.25751933825,14410.490138549167,1.8081821592841774,15086.349690911731,9.174118070869808,1.8081821592841774,6.148621082469097,4.438146587798641,0.41999999999999993,3,0.2,expanding,Estavel,Queda,Recuperacao do risco
2020-09-01,12308,6.11,4.5,141779,2.85,0.16,0.64,10658.666666666666,5.070154109026381,10857.0,9.395939342032333,5.070154109026381,10.183796386244403,-1.75,3.2600000000000002,4.34,1.65992481981443,16899.80596815232,194673.18738695706,14703.205555051434,2.3391137122757977,15038.424608035932,6.835240141374643,2.3391137122757977,6.8343664113879266,4.072955760346482,0.4220000000000001,3,0.2,expanding,Estavel,Queda,Recuperacao do risco
2020-10-01,10824,5.94,4.88,145403,3.01,0.16,0.86,11117.0,3.906907187587616,10662.0,2.743158165231918,3.906907187587616,11.190725630692299,-1.96,2.9300000000000006,4.72,1.6742001732648342,14735.43803749895,197946.8677906929,15252.165928938119,0.7174873460377817,14718.75189421022,0.08744039613444166,0.7174873460377817,6.998311651787992,3.5372702813964207,0.4240000000000002,3,0.2,expanding,Estavel,Queda,Recuperacao do risco
2020-11-01,11065,5.93,5.03,146098,2.95,0.15,0.89,11399.0,5.807549504950482,10898.333333333334,4.996949163428499,5.807549504950482,10.260977192797082,-1.9800000000000004,2.9799999999999995,4.88,1.6891005548068911,14930.644782218547,197138.48543990648,15521.962929289939,1.9766866681530715,14966.226533919553,1.8954933552630449,1.9766866681530715,5.703982124940943,3.4773767800077793,0.4260000000000003,3,0.2,expanding,Estavel,Queda,Recuperacao do risco
2020-12-01,12383,5.36,4.69,150534,2.86,0.16,1.35,11424.0,1.9241635687732295,11041.333333333334,3.4187767335851937,1.9241635687732295,13.79951617780466,-2.7700000000000005,2.5000000000000004,4.53,1.7119034122967842,16486.5302900863,200418.58602017694,15384.204369934601,-2.2906320891065257,15043.704962493017,-0.081671950226192,-2.2906320891065257,8.880990029056047,3.439528716454443,0.4280000000000005,3,0.2,expanding,Estavel,Queda,Recuperacao do risco
2021-01-01,9600,5.33,5.25,153528,2.78,0.15,0.25,11016.0,-0.887715930902111,11066.5,1.4639140599929545,-0.887715930902111,13.692442127401172,-2.84,2.5500000000000003,5.1,1.7161831708275261,12749.41458312778,203895.01272067102,14722.196551810877,-5.079630448527361,14987.181240374497,-2.215730752043299,-5.079630448527361,8.735140913353213,3.350139694809531,0.4300000000000006,3,0.2,expanding,Queda,Queda,Recuperacao do risco
2021-02-01,9913,5.28,5.23,157338,2.74,0.13,0.86,10632.0,-4.173050923839572,11015.5,0.7438457434646883,-4.173050923839572,14.961055661907618,-2.8,2.54,5.1000000000000005,1.7309423460966427,13052.844161311234,207173.24671162988,14096.263011508438,-8.499805027157226,14809.112970399188,-3.2931372095368228,-8.499805027157226,9.28347266412224,3.3872093095632616,0.4300000000000006,3,0.2,expanding,Queda,Queda,Recuperacao do risco
2021-03-01,13249,5.34,5.27,162520,2.68,0.2,0.93,10920.666666666666,-4.90261530869931,11172.333333333334,-1.5306422233973715,-4.90261530869931,17.995556652678356,-3.0500000000000007,2.6599999999999997,5.069999999999999,1.7470401099153416,17284.740893171016,212024.7633752097,14362.333212536678,-9.762496867683378,14873.26879123564,-6.046775784440694,-9.762496867683378,11.21235152595541,3.4242789243169924,0.4300000000000006,3,0.2,expanding,Queda,Queda,Recuperacao do risco
2021-04-01,12174,5.41,5.32,166218,2.62,0.21,0.31,11778.666666666666,1.8768920282542956,11397.333333333334,0.5218362757059669,1.8768920282542956,19.707030406038008,-3.209999999999999,2.79,5.11,1.7524559342560795,15833.205208879563,216179.04578688543,15390.263421120604,-3.9546123359103347,15056.22998646574,-4.507954375983269,-3.9546123359103347,12.12808195509265,3.4319038203857177,0.4300000000000006,3,0.2,expanding,Queda,Queda,Recuperacao do risco
2021-05-01,12478,5.28,5.05,169473,2.68,0.27,0.83,12633.666666666666,11.283692524516997,11632.833333333334,3.6440313024367788,11.283692524516997,22.686502334672596,-3.29,2.6,4.779999999999999,1.767001318510405,16094.99170653896,218598.05493526824,16404.312602863178,4.07368884449284,15250.287807185809,-2.141152018370962,4.07368884449284,13.539843556862463,3.439528716454443,0.4300000000000006,3,0.2,expanding,Alta,Queda,Expansão sem deterioração observada
2021-06-01,14133,5.2,5.01,174103,2.64,0.31,0.53,12928.333333333334,16.94204908641379,11924.5,5.812147832645631,16.94204908641379,26.627731067989412,-2.71,2.56,4.7,1.7763664254985103,18133.617567277714,223386.20387148883,16687.271494232078,8.544674653428608,15524.80235338438,-0.767616115899461,8.544674653428608,16.872504036374348,3.4471536125231683,0.4300000000000006,3,0.2,expanding,Alta,Queda,Expansão sem deterioração observada
2021-07-01,14819,5.08,4.87,179436,2.69,0.36,0.96,13810.0,35.29930439894191,12794.333333333334,17.54815790279607,35.29930439894191,30.006303388614786,-2.4399999999999995,2.39,4.51,1.7934195431832962,18833.006206257924,228039.6316638165,17687.205160024867,24.686527280713968,16538.73429057274,9.49437278062042,24.686527280713968,19.277696747128093,3.4547785085918936,0.43200000000000044,3,0.2,expanding,Alta,Queda,Expansão sem deterioração observada
2021-08-01,16292,5.17,5.01,186993,2.75,0.43,0.87,15081.333333333334,45.04536274164077,13857.5,27.423334508283403,45.04536274164077,34.65327284510693,-1.8600000000000003,2.42,4.58,1.8090222932089908,20526.416272119986,235593.92081834844,19164.346681885207,32.98886087586368,17784.329642374196,17.883583548959958,32.98886087586368,22.769584345372973,3.462403404660619,0.43400000000000016,3,0.2,expanding,Alta,Queda,Expansão sem deterioração observada
2021-09-01,16409,5.13,4.89,194531,2.7,0.44,1.16,15840.0,48.611458593945464,14384.166666666666,32.487488870467594,48.611458593945464,37.20720275922387,-0.9800000000000004,2.4299999999999997,4.449999999999999,1.830006951810215,20436.759068001516,242280.64953729068,19932.06051545981,35.562686931299446,18309.66600484594,21.75255375527827,35.562686931299446,24.45506892312961,3.4773767800077793,0.43599999999999994,3,0.2,expanding,Alta,Queda,Expansão sem deterioração observada
2021-10-01,15494,5.16,5.19,203215,2.57,0.49,1.25,16065.0,44.50841054241253,14937.5,40.1003564059276,44.50841054241253,39.759839893262175,-0.7800000000000002,2.5900000000000003,4.7,1.8528820387078426,19058.926259203767,249971.58253285743,20007.36719977509,31.177219635506816,18847.286179899977,28.04948622928931,31.177219635506816,26.282161128800972,3.4923501553549396,0.4379999999999997,3,0.2,expanding,Alta,Queda,Expansão sem deterioração observada
2021-11-01,15473,5.01,5.23,207094,2.61,0.59,0.95,15792.0,38.53846828669181,15436.666666666666,41.64245297446092,38.53846828669181,41.75005818012567,-0.9199999999999999,2.4,4.640000000000001,1.8704844180755673,18853.981662949867,252345.79451347122,19449.888996718382,25.305601394115197,19307.117839301794,29.00458105150301,25.305601394115197,28.00432850560448,3.5073235307021,0.4399999999999995,3,0.2,expanding,Alta,Queda,Expansão sem deterioração observada
2021-12-01,14819,5.21,5.27,212176,2.66,0.77,0.73,15262.0,33.59593837535013,15551.0,40.84349716217848,33.59593837535013,40.94888862316819,-0.15000000000000036,2.55,4.5,1.884138954327519,17926.215744130346,256664.60299120052,18613.04122209466,20.988000253494967,19272.550868777234,28.11040177155548,20.988000253494967,28.064271926038376,3.5222969060492604,0.44199999999999967,3,0.2,expanding,Alta,Estavel,Expansão sem deterioração observada
2022-01-01,17639,5.51,5.01,219734,2.7,0.73,0.54,15977.0,45.034495279593315,16021.0,44.77025256404463,45.034495279593315,43.12307852639259,0.17999999999999972,2.8099999999999996,4.279999999999999,1.8943133046808878,21222.90354205619,264379.697653505,19334.366983045464,31.32800472404562,19670.86709141028,31.25127918262729,31.32800472404562,29.66462206493292,3.5372702813964207,0.43400000000000016,3,0.2,expanding,Alta,Estavel,Expansão sem deterioração observada
2022-02-01,13812,5.57,5.18,223617,2.68,0.76,1.01,15423.333333333334,45.065211938801106,15607.666666666666,41.688227195013084,45.065211938801106,42.125233573580445,0.29000000000000004,2.89,4.42,1.9134458690581648,16452.16432254537,266361.3980100368,18533.761202910635,31.479961659195375,18991.82509981451,28.244177337128985,31.479961659195375,28.569398915098574,3.620738692299205,0.4300000000000006,3,0.2,expanding,Alta,Estavel,Expansão sem deterioração observada
2022-03-01,15779,6.0,5.4,228771,2.63,0.93,1.62,15743.333333333334,44.16091813686589,15502.666666666666,38.75943551033802,44.16091813686589,40.76482894412996,0.6600000000000001,3.37,4.470000000000001,1.944443692136907,18495.528879120553,268156.4508020336,18723.53224790737,30.36553302888043,18668.286735001016,25.515695285502193,30.36553302888043,26.474118651645618,3.704207103201987,0.4280000000000005,3,0.2,expanding,Alta,Alta,Crescimento com alerta
2022-04-01,14477,6.19,5.22,231938,2.57,0.83,1.06,14689.333333333334,24.711342540185655,15333.166666666666,34.532931679925106,24.711342540185655,39.53843747367913,0.7800000000000002,3.6200000000000006,4.39,1.9650547952735582,16791.386522020413,269017.10348444915,17246.359907895447,12.060199594944265,18290.363445470455,21.48036701028029,12.060199594944265,24.441803554657547,3.7876755141047695,0.4300000000000006,3,0.2,expanding,Alta,Alta,Crescimento com alerta
2022-05-01,15536,6.61,5.32,235852,2.59,1.03,0.47,15264.0,20.82003113374318,15343.666666666666,31.899651847500586,20.82003113374318,39.16789105049181,1.33,4.0200000000000005,4.29,1.9742905528113437,17935.388759939502,272277.1182935924,17740.76805369349,8.146976244509307,18137.264628302062,18.93063827789487,8.146976244509307,24.55605717727898,3.8711439250075523,0.4300000000000006,3,0.2,expanding,Alta,Alta,Crescimento com alerta
2022-06-01,15210,6.86,5.37,238667,2.48,1.02,0.67,15074.333333333334,16.599200721928575,15408.833333333334,29.21995331739975,16.599200721928575,37.08379522466585,1.6600000000000001,4.380000000000001,4.35,1.9875182995151794,17442.178536572723,273693.1245751612,17389.651272844214,4.209075035753518,18056.59176037579,16.308029882515584,4.209075035753518,22.520155601289172,3.9546123359103347,0.4300000000000006,3,0.2,expanding,Alta,Alta,Crescimento com alerta
2022-07-01,14125,7.2,5.33,241111,2.48,1.03,-0.68,14957.0,8.3055756698045,14823.166666666666,15.857280566917641,8.3055756698045,34.37158652667247,2.12,4.720000000000001,4.3,1.9740031750784761,16308.84702559189,278388.84355309635,17228.804774034703,-2.5917061618428994,17237.582340965077,4.22552317555942,-2.5917061618428994,22.079149804761265,3.978427637626836,0.4300000000000006,3,0.2,expanding,Estavel,Alta,Deterioracao do risco
2022-08-01,15560,7.59,5.27,243261,2.4,1.17,-0.36,14965.0,-0.7713729997347762,15114.5,9.070900234530033,-0.7713729997347762,30.09096597198826,2.42,5.1899999999999995,4.1,1.9668967636481935,18030.62065689294,281886.0418776629,17260.548739685848,-9.934061274308348,17500.65839668967,-1.5950629086891488,-9.934061274308348,19.649115265163108,3.704207103201987,0.4300000000000006,3,0.2,expanding,Queda,Alta,Aperto com deterioração
2022-09-01,15116,7.75,5.1,245777,2.26,1.07,-0.29,14933.666666666666,-5.721801346801348,15004.0,4.309136203000996,-5.721801346801348,26.343359156124222,2.62,5.49,4.029999999999999,1.9611927630336137,17567.066720326588,285629.85957407433,17302.178134270474,-13.194232373263814,17345.914703557344,-5.26362032509784,-13.194232373263814,17.892147028486317,3.7876755141047695,0.4300000000000006,3,0.2,expanding,Queda,Alta,Aperto com deterioração
2022-10-01,13986,7.89,5.19,248752,2.22,1.02,0.59,14887.333333333334,-7.33063595808694,14922.166666666666,-0.10264993026499747,-7.33063595808694,22.408286789853115,2.7299999999999995,5.67,4.17,1.9727638003355121,16158.501514160373,287391.64655015164,17252.0629637933,-13.771448329357206,17240.433868914002,-8.5256428731879,-13.771448329357206,14.96972721384262,3.8711439250075523,0.43200000000000044,3,0.2,expanding,Queda,Alta,Aperto com deterioração
2022-11-01,13477,8.06,5.32,250277,2.2,1.02,0.41,14193.0,-10.125379939209722,14579.0,-5.5560354135175904,-10.125379939209722,20.851883685669304,3.0500000000000007,5.86,4.300000000000001,1.9808521319168877,15506.858381874079,287972.8422675892,16410.808872120346,-15.62517978951341,16835.6788059031,-12.800662708795429,-15.62517978951341,14.118344164525443,3.9546123359103347,0.43400000000000016,3,0.2,expanding,Queda,Alta,Aperto com deterioração
2022-12-01,14924,8.14,5.11,251615,2.24,1.12,0.62,14129.0,-7.423666622985192,14531.333333333334,-6.556920240927699,-7.423666622985192,18.587870447175938,2.9300000000000006,5.9,3.99,1.9931334151347724,17065.99129111675,287728.4507313281,16243.783729050401,-12.729018674454029,16772.980931660437,-12.969585365921944,-12.729018674454029,12.102895131664315,3.978427637626836,0.43599999999999994,3,0.2,expanding,Queda,Alta,Aperto com deterioração
2023-01-01,14607,8.27,5.22,255040,2.29,1.12,0.53,14336.0,-10.271014583463733,14611.666666666666,-8.79678754967439,-10.271014583463733,16.06760901817652,2.76,5.9799999999999995,4.1,2.003697022234987,16615.43156497995,290107.4598707802,16396.09374599026,-15.197152508958855,16824.07835489178,-14.472105999646612,-15.197152508958855,9.731368348485624,4.002242939343337,0.4379999999999997,3,0.2,expanding,Queda,Alta,Aperto com deterioração
2023-02-01,12149,8.15,5.34,256097,2.23,0.92,0.84,13893.333333333334,-9.920034579641236,14043.166666666666,-10.023919868440723,-9.920034579641236,14.524834873913871,2.58,5.92,4.42,2.0205280772217606,13704.34527031479,288883.1764500623,15795.256042137162,-14.775765862049639,16103.032457128755,-15.210716334545271,-14.775765862049639,8.45534623570976,4.026058241059838,0.4399999999999995,3,0.2,expanding,Queda,Alta,Aperto com deterioração
2023-03-01,15228,8.14,5.4,255144,2.16,1.17,0.71,13994.666666666666,-11.107347025195857,14061.833333333334,-9.294099939795297,-11.107347025195857,11.528122008471353,2.1400000000000006,5.98,4.23,2.0348738265700352,17056.42590307423,285779.139126213,15792.067579456321,-15.656579269537563,16017.92565425336,-14.197130772469402,-15.656579269537563,6.57179354495161,4.049873542776339,0.44199999999999967,3,0.2,expanding,Queda,Alta,Aperto com deterioração
2023-04-01,12534,8.15,5.61,260037,2.19,0.92,0.61,13303.666666666666,-9.43314877008261,13819.833333333334,-9.869672496440174,-9.43314877008261,12.114875527080503,1.96,5.960000000000001,4.69,2.0472865569121126,13953.838915758894,289493.7298657408,14904.870029715968,-13.576719323290543,15650.481887853115,-14.433182618200501,-13.576719323290543,7.611644804760642,4.07368884449284,0.4439999999999998,3,0.2,expanding,Queda,Alta,Aperto com deterioração
2023-05-01,14774,8.11,5.56,262949,2.25,1.12,0.23,14178.666666666666,-7.110412299091551,14036.0,-8.522517433903232,-7.110412299091551,11.488984617471964,1.4999999999999991,5.859999999999999,4.4399999999999995,2.05199531599301,16409.841228380556,292063.85143911187,15806.702015737892,-10.901816832856559,15800.979028937529,-12.881135315845304,-10.901816832856559,7.2671303668579545,4.100326501611072,0.4459999999999999,3,0.2,expanding,Queda,Alta,Aperto com deterioração
2023-06-01,13956,8.08,5.55,258786,2.32,1.07,-0.08,13754.666666666666,-8.754394887557226,13874.666666666666,-9.95641028414438,-8.754394887557226,8.429736829976498,1.2199999999999998,5.76,4.4799999999999995,2.0503537197402157,15513.67967145336,287670.04209348874,15292.453271864268,-12.060034833791878,15542.260425660295,-13.924728254825236,-12.060034833791878,5.106784300856337,4.1269641587293036,0.44800000000000006,3,0.2,expanding,Queda,Alta,Aperto com deterioração
2023-07-01,13740,7.89,5.61,258014,2.28,1.07,0.12,14156.666666666666,-5.350894787279092,13730.166666666666,-7.373593136869094,-5.350894787279092,7.0104640601216905,0.6899999999999995,5.609999999999999,4.54,2.052814144203904,15255.264811902496,286468.11464179115,15726.261903912135,-8.721109153126106,15315.565966814056,-11.15015050331829,-8.721109153126106,2.902153328265067,4.1536018158475345,0.4500000000000002,3,0.2,expanding,Queda,Alta,Aperto com deterioração
2023-08-01,15752,7.55,5.61,261721,2.26,1.14,0.23,14482.666666666666,-3.2230760663771063,14330.666666666666,-5.185969323056227,-3.2230760663771063,7.588557146439423,-0.040000000000000036,5.29,4.470000000000001,2.057535616735573,17449.01800945802,289917.1179820571,16072.654164271291,-6.882136792576721,15939.678090004592,-8.919551889432597,-6.882136792576721,2.8490506485878697,4.180239472965766,0.4520000000000002,3,0.2,expanding,Queda,Estavel,Transicao/estabilidade
2023-09-01,14908,7.29,5.55,262805,2.3,0.97,0.26,14800.0,-0.8950693064886939,14277.333333333334,-4.843152936994577,-0.8950693064886939,6.9282316897024465,-0.45999999999999996,4.99,4.58,2.0628852093390853,16471.265649192763,290362.9574011339,16391.849490184424,-5.2613528598631,15842.151381024349,-8.66926505884753,-5.2613528598631,1.657073890705063,4.206877130083997,0.4439999999999998,3,0.2,expanding,Queda,Queda,Recuperacao do risco
2023-10-01,15215,7.11,5.47,266196,2.36,1.0,0.24,15291.666666666666,2.715955398325187,14724.166666666666,-1.3268850591402037,2.715955398325187,7.012606933813603,-0.7799999999999994,4.75,4.47,2.067836133841499,16770.209429517527,293405.3676831974,16896.831029389436,-2.059069313330153,16311.546466650789,-5.387842378712304,-2.059069313330153,2.0925177211079005,4.207316711217901,0.4459999999999999,3,0.2,expanding,Estavel,Queda,Recuperacao do risco
2023-11-01,15511,6.83,5.67,268383,2.39,0.92,0.28,15211.333333333334,7.174898424105791,14847.0,1.8382605116949113,7.174898424105791,7.234384302193164,-1.2300000000000004,4.4399999999999995,4.75,2.073626075016255,17048.72878852433,294989.94123206276,16763.401289078207,2.148537708929532,16418.02772667475,-2.480749864875731,2.148537708929532,2.4367224732786186,4.1269641587293036,0.44800000000000006,3,0.2,expanding,Estavel,Queda,Recuperacao do risco
2023-12-01,14376,6.75,5.68,267016,2.36,0.89,0.56,15034.0,6.405265765446955,14917.0,2.6540349589392997,6.405265765446955,6.120859249249855,-1.3900000000000006,4.390000000000001,4.79,2.085238381036346,15713.213217882749,291853.0426117265,16510.7171453082,1.6432958029379163,16451.283317746314,-1.9179513482119992,1.6432958029379163,1.4335015775863713,4.026058241059838,0.4500000000000002,3,0.2,expanding,Estavel,Queda,Recuperacao do risco
2024-01-01,18200,6.63,5.5,277178,2.35,0.97,0.42,16029.0,11.80943080357142,15660.333333333334,7.176913425345055,11.80943080357142,8.680207026348818,-1.6399999999999997,4.279999999999999,4.53,2.0939963822366985,19809.70966497375,301693.17063286237,17523.883890460274,6.878407515484142,17210.357459924857,2.295989693371614,6.878407515484142,3.9935928456450887,3.8711439250075523,0.4520000000000002,3,0.2,expanding,Alta,Queda,Expansão sem deterioração observada
2024-02-01,16949,6.49,5.58,282474,2.32,0.8,0.83,16508.333333333332,18.821976967370425,15859.833333333334,12.93630354027464,18.821976967370425,10.299613037247601,-1.6600000000000001,4.17,4.78,2.111376552209263,18296.205729349702,304926.6869545299,17939.70953740207,13.57656684731241,17351.555413240138,7.753340617274018,13.57656684731241,5.553632683501375,3.9546123359103347,0.4540000000000001,3,0.2,expanding,Alta,Queda,Expansão sem deterioração observada
2024-03-01,16536,6.44,5.78,287011,2.3,0.83,0.16,17228.333333333332,23.10642149390243,16131.166666666666,14.715956904623617,23.10642149390243,12.489809676104468,-1.7000000000000002,4.140000000000001,4.95,2.114754754692798,17821.8630909482,309329.38725182234,18642.592828423883,18.050361262864477,17576.654986866044,9.731155995213282,18.050361262864477,8.24071630897052,3.978427637626836,0.45600000000000007,3,0.2,expanding,Alta,Queda,Expansão sem deterioração observada
2024-04-01,18552,6.48,5.76,288878,2.26,0.89,0.38,17345.666666666668,30.38260128786552,16687.333333333332,20.74916484762237,30.38260128786552,11.091113956859978,-1.67,4.220000000000001,4.87,2.122790822760631,19918.938179045836,310162.9486463132,18679.00233311458,25.321470739926568,18101.44311178743,15.660611868038332,25.321470739926568,7.139781158700131,4.002242939343337,0.458,3,0.2,expanding,Alta,Queda,Expansão sem deterioração observada
2024-05-01,19029,6.53,5.75,294413,2.34,0.83,0.46,18039.0,27.226349445175856,17273.666666666668,23.066875653082562,27.226349445175856,11.965818466698863,-1.5799999999999992,4.19,4.92,2.1325556605453295,20337.531583320826,314658.347051355,19359.444284438287,22.476176656984602,18649.576910920176,18.027983435493454,22.476176656984602,7.7361493046507634,4.026058241059838,0.45999999999999996,3,0.2,expanding,Alta,Queda,Expansão sem deterioração observada
2024-06-01,17003,6.48,5.74,296499,2.26,0.79,0.21,18194.666666666668,32.27995347033736,17711.5,27.653517201614463,32.27995347033736,14.573044909693733,-1.5999999999999996,4.220000000000001,4.95,2.137034027432475,18134.131761275148,316223.721289556,19463.533841213935,27.275418111126793,19053.06333481891,22.58875358543264,27.275418111126793,9.92584385508859,4.049873542776339,0.45999999999999996,3,0.2,expanding,Alta,Queda,Expansão sem deterioração observada
2024-07-01,20201,6.59,5.91,300613,2.32,0.91,0.38,18744.333333333332,32.40640452083823,18045.0,31.425935591944754,32.40640452083823,16.510344399916278,-1.2999999999999998,4.27,5.0,2.1451547567367184,21463.319448995615,319397.6956349151,19978.327597863863,27.037993643575042,19328.66496548922,26.20274697892848,27.037993643575042,11.495024859677683,4.07368884449284,0.45999999999999996,3,0.2,expanding,Alta,Queda,Expansão sem deterioração observada
2024-08-01,20170,6.5,5.74,306733,2.3,0.87,-0.02,19124.666666666668,32.05210826735409,18581.833333333332,29.66482136211388,32.05210826735409,17.198467069895052,-1.0499999999999998,4.2,4.87,2.144725725785371,21434.66925582738,325965.3150643381,20344.040155366045,26.57548621054655,19851.742219902168,24.542930589989396,26.57548621054655,12.433966415364296,4.100326501611072,0.45999999999999996,3,0.2,expanding,Alta,Queda,Expansão sem deterioração observada
2024-09-01,19946,6.49,5.69,313635,2.37,0.84,0.44,20105.666666666668,35.8490990990991,19150.166666666668,34.12985618229361,35.8490990990991,19.341336732558357,-0.7999999999999998,4.12,4.8500000000000005,2.1541625189788265,21103.767763769658,331839.9780702846,21333.918822864216,30.14955289602397,20398.726332039078,28.76234951568868,30.14955289602397,14.284542711779347,4.1269641587293036,0.45999999999999996,3,0.2,expanding,Alta,Queda,Expansão sem deterioração observada
2024-10-01,22033,6.41,5.82,321420,2.4,0.93,0.56,20716.333333333332,35.47465940054495,19730.333333333332,33.999660422208386,35.47465940054495,20.745616012261635,-0.7000000000000002,4.01,4.890000000000001,2.166225829085108,23182.088214309144,338183.0342596671,21906.841744635396,29.65059369139582,20942.58467124963,28.391165816601593,29.65059369139582,15.261365846864194,4.1536018158475345,0.45999999999999996,3,0.2,expanding,Alta,Queda,Expansão sem deterioração observada
2024-11-01,19420,6.37,5.92,326070,2.36,0.79,0.39,20466.333333333332,34.546609983784,19795.5,33.32996564962618,34.546609983784,21.494282424743737,-0.45999999999999996,4.01,5.13,2.17467410981854,20353.43389491931,341742.74923359114,21546.429957666038,28.53256678705234,20945.23505651604,27.57461130660559,28.53256678705234,15.848949901904952,4.180239472965766,0.46000000000000013,3,0.2,expanding,Alta,Estavel,Expansão sem deterioração observada
2024-12-01,20521,6.46,6.09,326582,2.3,0.93,0.52,20658.0,37.408540641213236,20381.833333333332,36.63493553216688,37.408540641213236,22.308026485304254,-0.29000000000000004,4.16,5.16,2.1859824151895966,21396.094426266587,340508.71350903925,21643.872178498346,31.089836910256928,21488.89550068128,30.621393393066178,31.089836910256928,16.67129129849194,4.206877130083997,0.45999999999999996,3,0.2,expanding,Alta,Estavel,Expansão sem deterioração observada
2025-01-01,22880,7.09,5.94,336108,2.43,1.01,0.16,20940.333333333332,30.640297793582462,20828.333333333332,33.0005747004108,30.640297793582462,21.260706116647054,0.45999999999999996,4.66,4.930000000000001,2.1894799870539,23817.583133152326,349881.1290086347,21855.70381811274,24.719519683708,21881.272781374068,27.140141233705695,24.719519683708,15.972505534244718,4.207316711217901,0.45999999999999996,3,0.2,expanding,Alta,Estavel,Expansão sem deterioração observada
2025-02-01,20026,7.37,6.22,342096,2.37,0.99,1.31,21142.333333333332,28.070671378091873,20804.333333333332,31.17624186887209,28.070671378091873,21.107075341447356,0.8799999999999999,5.0,5.2299999999999995,2.218162174884306,20577.071474889974,351509.7295153281,21930.249678102962,22.244173643843634,21738.3398178845,25.281793477125515,22.244173643843634,15.276800802858093,4.207756292351806,0.45999999999999996,3,0.2,expanding,Alta,Alta,Crescimento com alerta
2025-03-01,20057,7.32,6.18,345990,2.36,0.96,0.56,20987.666666666668,21.820644287510895,20822.833333333332,29.08448448655294,21.820644287510895,20.54938660887562,0.8799999999999999,4.960000000000001,5.22,2.2305838830636584,20494.157246130355,353531.1096170236,21629.603951390884,16.0225090493463,21636.738064944617,23.099293245002663,16.0225090493463,14.289532190233478,4.2081958734857094,0.45999999999999996,3,0.2,expanding,Alta,Alta,Crescimento com alerta
2025-04-01,20788,7.67,6.2,351433,2.4,1.06,0.43,20290.333333333332,16.976382189595853,20615.333333333332,23.538811873277133,16.976382189595853,21.654470053101992,1.1899999999999995,5.27,5.140000000000001,2.240175393760832,21150.14431475879,357555.2562520986,20740.457678593037,11.03621761331366,21298.080748352888,17.659573420882957,11.03621761331366,15.279809471965011,4.208635454619614,0.45999999999999996,3,0.2,expanding,Alta,Alta,Crescimento com alerta
2025-05-01,21364,7.91,6.13,354813,2.41,1.14,0.26,20736.333333333332,14.952787478980722,20939.333333333332,21.221126570309323,14.952787478980722,20.515398436889676,1.38,5.5,4.99,2.24599984978461,21679.811206492657,360057.98790532106,21108.037589127267,9.032249474715304,21519.143633615113,15.386765803864822,9.032249474715304,14.428233440937888,4.209075035753518,0.45999999999999996,3,0.2,expanding,Alta,Alta,Crescimento com alerta
2025-06-01,21169,8.25,6.31,359296,2.47,1.1,0.24,21107.0,16.00652205774584,21047.333333333332,18.83427904657049,16.00652205774584,21.179498075878843,1.7699999999999996,5.779999999999999,5.209999999999999,2.251390249424093,21430.495449296664,363734.2950989888,21420.150323516034,10.052729880732025,21524.87713745346,12.973314365241118,10.052729880732025,15.024354787707072,4.285725273857829,0.45999999999999996,3,0.2,expanding,Alta,Alta,Crescimento com alerta
2025-07-01,23002,8.66,6.15,365578,2.57,1.28,0.26,21845.0,16.541888215105025,21067.666666666668,16.750715803084894,16.541888215105025,21.610841846493667,2.0700000000000003,6.09,4.87,2.2572438640725956,23225.75109452171,369134.1463191487,22112.019250103676,10.680031357919862,21426.238464348357,10.85213853416307,10.680031357919862,15.571950381597155,4.362375511962139,0.45999999999999996,3,0.2,expanding,Alta,Alta,Crescimento com alerta
2025-08-01,21591,9.13,6.12,369249,2.61,1.16,-0.11,21920.666666666668,14.619862655558258,21328.5,14.781462180803828,14.619862655558258,20.381243622303447,2.630000000000001,6.520000000000001,4.96,2.2547608958221157,21825.033181305032,373251.43240997184,22160.426575041132,8.928346610621452,21634.232082084203,8.979009713288644,8.928346610621452,14.50648739615148,4.439025750066448,0.45999999999999996,3,0.2,expanding,Alta,Alta,Crescimento com alerta
2025-09-01,24386,8.78,5.99,373360,2.57,1.22,0.48,22993.0,14.360793806057991,22050.0,15.142601021749158,14.360793806057991,19.04283641812936,2.289999999999999,6.209999999999999,4.7700000000000005,2.2655837481220615,24532.572914947556,375604.09347678255,23194.452396924768,8.721011781794918,22307.3013602204,9.356344102639591,8.721011781794918,13.188319159431927,4.515675988170758,0.45999999999999996,3,0.2,expanding,Alta,Alta,Crescimento com alerta
2025-10-01,25495,8.92,6.0,382612,2.61,1.28,0.09,23824.0,15.001045873626296,22834.5,15.73296616039601,15.001045873626296,19.03801879161222,2.51,6.3100000000000005,4.72,2.267622773495371,25625.175940300003,384565.5939152801,23994.26067885086,9.528616486795261,23053.139964477272,10.077816689575325,9.528616486795261,13.715223697472357,4.592326226275068,0.45999999999999996,3,0.2,expanding,Alta,Alta,Crescimento com alerta
2025-11-01,19821,8.91,6.44,390071,2.62,1.05,0.18,23234.0,13.523021547582225,22577.333333333332,14.052857130829398,13.523021547582225,19.62799398902075,2.54,6.29,5.390000000000001,2.271704494487663,19886.409300000003,391358.2343,23348.052718415856,8.361583632599956,22754.239646728496,8.636831171057558,8.361583632599956,14.518372424193027,4.608803855637625,0.45999999999999996,3,0.2,expanding,Alta,Alta,Crescimento com alerta
2025-12-01,21753,9.16,6.65,388413,2.81,1.22,0.33,22356.333333333332,8.221189531093675,22674.666666666668,11.249396930272892,8.221189531093675,18.932764206233045,2.7,6.35,5.430000000000001,2.2792011193194726,21753.0,388413.0,22421.528413433334,3.592962610948769,22807.99040517905,6.138495598603244,3.592962610948769,14.06844658901485,4.6252814850001815,0.45999999999999996,3,0.2,expanding,Estavel,Alta,Deterioracao do risco
